Date,sentement_score
2017-05-14T00:00:00.000+03:00,10.6648
2016-08-17T00:00:00.000+03:00,19.5519
2017-12-05T00:00:00.000+03:00,38.9578
2019-08-08T00:00:00.000+03:00,48.419
2019-08-22T00:00:00.000+03:00,60.1591
2019-08-23T00:00:00.000+03:00,28.2869
2020-02-26T00:00:00.000+03:00,34.6887
2017-10-20T00:00:00.000+03:00,27.1303
2019-04-25T00:00:00.000+03:00,57.0718
2017-12-22T00:00:00.000+03:00,28.0363
2017-02-24T00:00:00.000+03:00,20.3839
2016-08-08T00:00:00.000+03:00,27.422
2017-05-11T00:00:00.000+03:00,24.977
2016-09-11T00:00:00.000+03:00,5.8883
2016-04-22T00:00:00.000+03:00,15.4198
2018-12-31T00:00:00.000+03:00,25.6739
2016-08-20T00:00:00.000+03:00,1.9891
2019-08-31T00:00:00.000+03:00,9.3756
2019-09-29T00:00:00.000+03:00,7.3463
2018-08-23T00:00:00.000+03:00,31.5072
2018-04-11T00:00:00.000+03:00,29.8128
2016-07-06T00:00:00.000+03:00,10.3369
2016-05-21T00:00:00.000+03:00,5.3299
2018-05-15T00:00:00.000+03:00,56.1257
2019-04-08T00:00:00.000+03:00,40.3497
2018-03-16T00:00:00.000+03:00,26.1274
2019-04-26T00:00:00.000+03:00,56.2916
2018-12-20T00:00:00.000+03:00,32.1031
2018-12-17T00:00:00.000+03:00,42.617
2017-08-18T00:00:00.000+03:00,13.7258
2019-01-17T00:00:00.000+03:00,40.2567
2016-04-15T00:00:00.000+03:00,19.4946
2016-03-17T00:00:00.000+02:00,13.9825
2016-01-16T00:00:00.000+02:00,3.4342
2020-01-05T00:00:00.000+03:00,18.6555
2019-01-24T00:00:00.000+03:00,31.8386
2019-06-19T00:00:00.000+03:00,41.7933
2017-09-12T00:00:00.000+03:00,46.5997
2016-01-29T00:00:00.000+02:00,25.0155
2017-04-30T00:00:00.000+03:00,4.884
2016-07-23T00:00:00.000+03:00,2.5209
2018-12-22T00:00:00.000+03:00,10.1669
2020-01-03T00:00:00.000+03:00,26.8218
2020-02-13T00:00:00.000+03:00,57.4625
2018-03-12T00:00:00.000+03:00,29.9759
2018-11-13T00:00:00.000+03:00,78.7729
2018-10-10T00:00:00.000+03:00,56.6231
2018-05-03T00:00:00.000+03:00,39.6941
2018-06-22T00:00:00.000+03:00,20.0971
2016-04-18T00:00:00.000+03:00,29.618
2018-12-30T00:00:00.000+03:00,10.5337
2016-01-18T00:00:00.000+02:00,5.0175
2017-09-26T00:00:00.000+03:00,26.1196
2018-02-27T00:00:00.000+03:00,54.6816
2018-01-19T00:00:00.000+03:00,46.7648
2017-05-18T00:00:00.000+03:00,35.4086
2017-03-08T00:00:00.000+03:00,29.653
2018-08-24T00:00:00.000+03:00,29.049
2016-09-21T00:00:00.000+03:00,13.8354
2017-10-12T00:00:00.000+03:00,37.5268
2016-09-27T00:00:00.000+03:00,22.2795
2018-02-23T00:00:00.000+03:00,36.1849
2016-06-08T00:00:00.000+03:00,17.7733
2017-03-18T00:00:00.000+03:00,9.7147
2019-06-08T00:00:00.000+03:00,15.0571
2017-10-01T00:00:00.000+03:00,6.7363
2017-10-31T00:00:00.000+03:00,25.5571
2019-07-13T00:00:00.000+03:00,11.8616
2017-12-03T00:00:00.000+03:00,10.7423
2019-01-26T00:00:00.000+03:00,9.9165
2019-09-22T00:00:00.000+03:00,32.585
,0.4588
2016-07-30T00:00:00.000+03:00,5.0033
2018-11-26T00:00:00.000+03:00,86.1828
2016-01-27T00:00:00.000+02:00,25.2974
2018-09-27T00:00:00.000+03:00,32.2168
2018-10-23T00:00:00.000+03:00,48.6369
2016-01-24T00:00:00.000+02:00,11.125
2017-09-15T00:00:00.000+03:00,26.0967
2017-12-08T00:00:00.000+03:00,29.1805
2016-04-09T00:00:00.000+03:00,6.92
2019-06-28T00:00:00.000+03:00,51.2948
2017-04-19T00:00:00.000+03:00,22.5339
2016-09-14T00:00:00.000+03:00,26.9729
2016-08-07T00:00:00.000+03:00,6.1664
2016-05-16T00:00:00.000+03:00,17.4718
2018-07-21T00:00:00.000+03:00,10.6131
2019-07-19T00:00:00.000+03:00,36.2099
2020-01-12T00:00:00.000+03:00,10.1269
2016-04-11T00:00:00.000+03:00,15.8634
2017-05-16T00:00:00.000+03:00,35.8308
2019-01-15T00:00:00.000+03:00,60.4603
2017-10-05T00:00:00.000+03:00,42.0688
2018-09-15T00:00:00.000+03:00,7.8888
2016-07-19T00:00:00.000+03:00,11.3635
2019-08-29T00:00:00.000+03:00,40.2634
2019-10-30T00:00:00.000+03:00,54.3525
2019-12-14T00:00:00.000+03:00,12.7501
2018-08-02T00:00:00.000+03:00,59.8869
2017-11-01T00:00:00.000+03:00,33.9789
2018-04-25T00:00:00.000+03:00,39.7511
2019-01-08T00:00:00.000+03:00,65.5952
2018-08-04T00:00:00.000+03:00,12.3271
2017-05-04T00:00:00.000+03:00,26.2711
2018-11-12T00:00:00.000+03:00,47.6831
2019-04-18T00:00:00.000+03:00,46.7717
2018-05-25T00:00:00.000+03:00,33.8772
2020-01-22T00:00:00.000+03:00,30.3883
2017-09-28T00:00:00.000+03:00,44.1088
2017-02-08T00:00:00.000+03:00,25.0867
2018-10-31T00:00:00.000+03:00,45.4525
2017-01-15T00:00:00.000+03:00,2.8271
2019-06-15T00:00:00.000+03:00,17.7985
2019-04-22T00:00:00.000+03:00,20.9286
2018-12-16T00:00:00.000+03:00,10.4585
2016-03-09T00:00:00.000+02:00,27.5642
2018-07-28T00:00:00.000+03:00,7.8674
2019-07-26T00:00:00.000+03:00,71.4464
2019-12-19T00:00:00.000+03:00,51.1909
2020-01-06T00:00:00.000+03:00,59.0803
2020-01-01T00:00:00.000+03:00,9.0737
2019-03-03T00:00:00.000+03:00,8.9003
2016-09-13T00:00:00.000+03:00,22.7208
2016-08-29T00:00:00.000+03:00,15.6796
2016-01-14T00:00:00.000+02:00,24.2581
2016-04-12T00:00:00.000+03:00,13.0335
2016-07-08T00:00:00.000+03:00,13.8351
2018-08-29T00:00:00.000+03:00,40.8071
2018-08-09T00:00:00.000+03:00,36.0926
2018-07-20T00:00:00.000+03:00,34.8826
2018-12-15T00:00:00.000+03:00,3.1536
2016-04-27T00:00:00.000+03:00,16.4227
2018-10-25T00:00:00.000+03:00,54.1444
2017-08-10T00:00:00.000+03:00,22.7715
2017-03-16T00:00:00.000+03:00,20.3658
2018-05-31T00:00:00.000+03:00,31.8381
2016-01-04T00:00:00.000+02:00,15.7689
2018-10-07T00:00:00.000+03:00,12.3278
2016-01-30T00:00:00.000+02:00,7.5973
2019-06-22T00:00:00.000+03:00,16.6147
2017-06-22T00:00:00.000+03:00,33.2616
2017-09-27T00:00:00.000+03:00,69.3031
2017-09-06T00:00:00.000+03:00,28.9012
2017-01-27T00:00:00.000+03:00,19.5878
2017-12-01T00:00:00.000+03:00,40.5183
2019-08-01T00:00:00.000+03:00,62.4874
2018-06-10T00:00:00.000+03:00,8.6377
2016-03-29T00:00:00.000+03:00,13.4901
2016-05-27T00:00:00.000+03:00,13.8212
2017-05-24T00:00:00.000+03:00,28.5927
2017-08-31T00:00:00.000+03:00,36.7567
2019-03-11T00:00:00.000+03:00,49.0674
2018-07-29T00:00:00.000+03:00,12.4023
2019-08-04T00:00:00.000+03:00,5.6361
2018-09-12T00:00:00.000+03:00,44.2077
2018-11-23T00:00:00.000+03:00,53.5107
2018-03-30T00:00:00.000+03:00,23.858
2017-12-27T00:00:00.000+03:00,19.2419
2017-03-09T00:00:00.000+03:00,23.8486
2016-01-03T00:00:00.000+02:00,6.8337
2017-12-24T00:00:00.000+03:00,0.6623
2016-06-12T00:00:00.000+03:00,6.7921
2019-10-06T00:00:00.000+03:00,10.1746
,0.25
2020-01-16T00:00:00.000+03:00,55.2927
2016-10-20T00:00:00.000+03:00,20.5289
2019-04-01T00:00:00.000+03:00,31.1932
2017-09-13T00:00:00.000+03:00,42.0149
2016-12-04T00:00:00.000+03:00,5.9871
2019-07-08T00:00:00.000+03:00,26.1287
2016-11-18T00:00:00.000+03:00,27.7907
2017-09-23T00:00:00.000+03:00,9.9086
2019-01-27T00:00:00.000+03:00,10.2807
2017-05-05T00:00:00.000+03:00,31.2638
2018-11-11T00:00:00.000+03:00,3.7355
2019-12-09T00:00:00.000+03:00,31.37
2016-12-30T00:00:00.000+03:00,17.2184
2018-12-19T00:00:00.000+03:00,56.2018
2017-12-29T00:00:00.000+03:00,27.7692
2018-02-02T00:00:00.000+03:00,51.1089
2018-12-04T00:00:00.000+03:00,38.5459
2016-12-22T00:00:00.000+03:00,17.6544
2016-01-23T00:00:00.000+02:00,3.7743
2019-08-11T00:00:00.000+03:00,-1.5695
2020-03-16T00:00:00.000+03:00,19.4094
2016-06-23T00:00:00.000+03:00,25.5773
2018-06-04T00:00:00.000+03:00,52.5295
2019-06-03T00:00:00.000+03:00,59.1032
2017-08-02T00:00:00.000+03:00,34.3543
2018-01-26T00:00:00.000+03:00,39.0667
2016-12-14T00:00:00.000+03:00,62.4312
2016-10-15T00:00:00.000+03:00,6.6712
2018-01-10T00:00:00.000+03:00,45.4682
2018-02-07T00:00:00.000+03:00,37.8094
2018-06-25T00:00:00.000+03:00,39.2229
2018-03-28T00:00:00.000+03:00,28.6482
2019-03-28T00:00:00.000+03:00,51.4233
2016-10-04T00:00:00.000+03:00,39.366
2017-10-16T00:00:00.000+03:00,18.9627
2019-01-04T00:00:00.000+03:00,29.3258
2016-12-21T00:00:00.000+03:00,16.9213
2016-06-29T00:00:00.000+03:00,24.0517
2017-03-23T00:00:00.000+03:00,16.7682
2018-01-01T00:00:00.000+03:00,2.8381
2020-03-03T00:00:00.000+03:00,44.8626
2019-04-29T00:00:00.000+03:00,42.5435
2017-08-22T00:00:00.000+03:00,28.6044
2017-04-16T00:00:00.000+03:00,-2.6351
2017-06-07T00:00:00.000+03:00,28.2373
2016-04-01T00:00:00.000+03:00,17.9264
2016-10-14T00:00:00.000+03:00,23.308
2018-05-21T00:00:00.000+03:00,28.7326
2019-09-08T00:00:00.000+03:00,10.8245
2017-08-07T00:00:00.000+03:00,15.2278
2017-10-30T00:00:00.000+03:00,21.4282
2018-03-15T00:00:00.000+03:00,41.5677
2016-12-01T00:00:00.000+03:00,31.5116
2016-08-30T00:00:00.000+03:00,17.4382
2017-03-22T00:00:00.000+03:00,24.1514
2019-01-05T00:00:00.000+03:00,14.5498
2018-04-28T00:00:00.000+03:00,13.2021
2018-01-28T00:00:00.000+03:00,10.6851
2018-06-09T00:00:00.000+03:00,3.0065
2016-06-20T00:00:00.000+03:00,16.7523
2017-10-06T00:00:00.000+03:00,25.5932
2018-11-02T00:00:00.000+03:00,34.5286
2019-05-13T00:00:00.000+03:00,39.673
2016-09-30T00:00:00.000+03:00,19.9538
2017-06-29T00:00:00.000+03:00,40.8855
2016-11-25T00:00:00.000+03:00,25.9742
2016-11-29T00:00:00.000+03:00,21.7858
2016-03-27T00:00:00.000+02:00,6.3715
2019-07-07T00:00:00.000+03:00,5.2258
2017-12-02T00:00:00.000+03:00,7.7918
2017-06-24T00:00:00.000+03:00,9.7053
2019-10-03T00:00:00.000+03:00,44.8861
2020-03-06T00:00:00.000+03:00,23.6703
2020-03-26T00:00:00.000+03:00,19.6524
2019-06-12T00:00:00.000+03:00,48.8368
2017-12-18T00:00:00.000+03:00,45.9005
2016-12-02T00:00:00.000+03:00,25.1072
2017-10-17T00:00:00.000+03:00,24.3356
2017-08-13T00:00:00.000+03:00,9.6108
2018-12-25T00:00:00.000+03:00,5.8208
2019-11-17T00:00:00.000+03:00,12.4501
2020-01-18T00:00:00.000+03:00,12.5811
2017-06-19T00:00:00.000+03:00,60.1194
2019-07-09T00:00:00.000+03:00,76.3968
2018-08-30T00:00:00.000+03:00,42.8052
2016-05-08T00:00:00.000+03:00,3.1347
2018-03-07T00:00:00.000+03:00,43.2072
2019-02-24T00:00:00.000+03:00,18.6511
2017-08-03T00:00:00.000+03:00,37.4498
2017-09-24T00:00:00.000+03:00,3.2007
2019-11-16T00:00:00.000+03:00,14.9801
2020-02-04T00:00:00.000+03:00,37.7813
2020-02-05T00:00:00.000+03:00,32.248
2019-01-12T00:00:00.000+03:00,12.6201
2016-10-08T00:00:00.000+03:00,4.7854
2018-02-26T00:00:00.000+03:00,43.0432
2018-10-26T00:00:00.000+03:00,52.785
2016-06-02T00:00:00.000+03:00,19.595
2019-08-15T00:00:00.000+03:00,56.6473
,0.1779
2020-03-05T00:00:00.000+03:00,37.5402
2017-05-17T00:00:00.000+03:00,42.9846
2017-07-29T00:00:00.000+03:00,8.7069
2016-06-05T00:00:00.000+03:00,4.6966
2018-09-29T00:00:00.000+03:00,2.8647
2019-01-01T00:00:00.000+03:00,9.0617
2020-03-02T00:00:00.000+03:00,33.1718
2019-07-10T00:00:00.000+03:00,88.9341
2019-04-06T00:00:00.000+03:00,12.9441
2019-05-02T00:00:00.000+03:00,49.9977
2017-05-23T00:00:00.000+03:00,26.755
2017-04-07T00:00:00.000+03:00,16.026
2018-06-03T00:00:00.000+03:00,11.8781
2016-01-17T00:00:00.000+02:00,5.4391
2016-03-08T00:00:00.000+02:00,16.3082
2018-04-18T00:00:00.000+03:00,49.7099
2016-11-21T00:00:00.000+03:00,32.9799
2018-01-12T00:00:00.000+03:00,39.9574
2017-07-30T00:00:00.000+03:00,7.5706
2018-02-17T00:00:00.000+03:00,3.5055
2019-10-12T00:00:00.000+03:00,6.1399
2020-02-25T00:00:00.000+03:00,38.8111
2016-04-08T00:00:00.000+03:00,14.2858
2016-10-01T00:00:00.000+03:00,10.0072
2018-06-30T00:00:00.000+03:00,8.9694
2019-05-27T00:00:00.000+03:00,0.5672
2018-08-13T00:00:00.000+03:00,24.8053
2016-12-09T00:00:00.000+03:00,17.0222
2016-11-23T00:00:00.000+03:00,16.5822
2017-01-17T00:00:00.000+03:00,23.7417
2018-12-26T00:00:00.000+03:00,28.489
2018-03-21T00:00:00.000+03:00,41.9827
2017-07-06T00:00:00.000+03:00,37.308
2018-06-11T00:00:00.000+03:00,29.1061
2019-04-21T00:00:00.000+03:00,4.4158
2017-09-14T00:00:00.000+03:00,33.9777
2018-02-06T00:00:00.000+03:00,52.4277
2016-10-30T00:00:00.000+03:00,4.8783
2019-04-28T00:00:00.000+03:00,11.4027
2018-07-09T00:00:00.000+03:00,31.5245
2018-12-01T00:00:00.000+03:00,12.8359
,7.1616
2019-12-01T00:00:00.000+03:00,26.247
2018-03-05T00:00:00.000+03:00,35.3626
2016-07-11T00:00:00.000+03:00,20.2782
2017-06-03T00:00:00.000+03:00,7.6303
2016-05-19T00:00:00.000+03:00,20.6308
2017-03-26T00:00:00.000+03:00,10.3416
2017-01-06T00:00:00.000+03:00,25.3522
2017-12-11T00:00:00.000+03:00,30.9497
2016-04-26T00:00:00.000+03:00,2.6921
2018-10-29T00:00:00.000+03:00,50.7972
2017-01-09T00:00:00.000+03:00,32.9594
2018-11-27T00:00:00.000+03:00,66.6647
2017-10-24T00:00:00.000+03:00,59.439
2016-08-11T00:00:00.000+03:00,25.8211
2016-12-15T00:00:00.000+03:00,32.7565
2016-08-12T00:00:00.000+03:00,23.6821
2019-01-30T00:00:00.000+03:00,41.6511
2019-03-07T00:00:00.000+03:00,39.1744
2019-03-20T00:00:00.000+03:00,45.7423
2016-05-06T00:00:00.000+03:00,5.5818
2017-06-23T00:00:00.000+03:00,26.3115
2016-04-07T00:00:00.000+03:00,19.3832
2018-02-15T00:00:00.000+03:00,36.4475
2018-06-08T00:00:00.000+03:00,25.3479
2016-11-19T00:00:00.000+03:00,9.0154
2017-02-11T00:00:00.000+03:00,7.683
2017-10-22T00:00:00.000+03:00,4.9645
2019-12-12T00:00:00.000+03:00,63.3126
2016-12-31T00:00:00.000+03:00,8.6613
2016-07-20T00:00:00.000+03:00,22.2615
2018-02-09T00:00:00.000+03:00,39.8141
2018-10-03T00:00:00.000+03:00,55.0058
2019-07-12T00:00:00.000+03:00,49.8576
2018-08-14T00:00:00.000+03:00,20.8921
2019-09-21T00:00:00.000+03:00,12.7183
2019-12-25T00:00:00.000+03:00,11.0991
2020-02-22T00:00:00.000+03:00,9.4049
2020-03-25T00:00:00.000+03:00,41.1979
2018-01-16T00:00:00.000+03:00,36.9753
2017-10-27T00:00:00.000+03:00,58.7957
2017-03-07T00:00:00.000+03:00,25.6044
2018-04-14T00:00:00.000+03:00,9.228
2018-07-07T00:00:00.000+03:00,6.7563
2019-06-02T00:00:00.000+03:00,17.0053
2017-12-10T00:00:00.000+03:00,5.591
2016-10-25T00:00:00.000+03:00,31.9562
2018-08-18T00:00:00.000+03:00,4.8891
2019-10-05T00:00:00.000+03:00,4.4266
2016-09-22T00:00:00.000+03:00,23.9602
2018-09-10T00:00:00.000+03:00,34.9244
2016-11-01T00:00:00.000+03:00,36.7404
2016-06-10T00:00:00.000+03:00,18.2407
2019-05-16T00:00:00.000+03:00,43.7452
2018-11-17T00:00:00.000+03:00,12.6274
2016-07-22T00:00:00.000+03:00,22.4562
2016-11-04T00:00:00.000+03:00,16.7438
2017-02-04T00:00:00.000+03:00,1.5237
2018-05-16T00:00:00.000+03:00,46.0004
2017-12-09T00:00:00.000+03:00,9.8854
2016-08-23T00:00:00.000+03:00,20.4349
2018-02-16T00:00:00.000+03:00,24.0261
2019-01-11T00:00:00.000+03:00,39.0301
2019-03-19T00:00:00.000+03:00,40.8438
2016-02-28T00:00:00.000+02:00,2.8813
2016-08-01T00:00:00.000+03:00,11.0188
2017-08-27T00:00:00.000+03:00,6.7805
2019-10-10T00:00:00.000+03:00,34.1247
2017-05-10T00:00:00.000+03:00,46.1985
2017-01-12T00:00:00.000+03:00,43.3268
2018-09-02T00:00:00.000+03:00,9.9528
2016-09-15T00:00:00.000+03:00,26.9382
2019-09-26T00:00:00.000+03:00,56.9095
2019-12-28T00:00:00.000+03:00,6.9831
2019-06-30T00:00:00.000+03:00,13.5101
2017-12-21T00:00:00.000+03:00,29.1398
2017-05-31T00:00:00.000+03:00,45.2224
2019-02-12T00:00:00.000+03:00,54.4101
2016-06-07T00:00:00.000+03:00,26.0663
2019-10-04T00:00:00.000+03:00,37.0294
2019-12-23T00:00:00.000+03:00,43.8776
2020-01-10T00:00:00.000+03:00,29.3873
2020-02-19T00:00:00.000+03:00,52.0037
2017-05-08T00:00:00.000+03:00,33.9489
2019-04-04T00:00:00.000+03:00,59.8803
2019-06-17T00:00:00.000+03:00,28.2878
2016-05-14T00:00:00.000+03:00,7.7365
2019-04-23T00:00:00.000+03:00,63.1365
2016-04-10T00:00:00.000+03:00,1.6513
2018-01-20T00:00:00.000+03:00,9.3644
2016-11-10T00:00:00.000+03:00,32.8086
2017-08-26T00:00:00.000+03:00,8.0736
2017-04-09T00:00:00.000+03:00,9.0079
2018-10-13T00:00:00.000+03:00,7.587
2018-06-23T00:00:00.000+03:00,4.9494
2017-01-02T00:00:00.000+03:00,3.4199
2016-07-28T00:00:00.000+03:00,42.9384
2018-10-15T00:00:00.000+03:00,44.1866
2018-02-05T00:00:00.000+03:00,25.0716
2018-01-25T00:00:00.000+03:00,45.0592
2016-03-03T00:00:00.000+02:00,28.99
2019-03-01T00:00:00.000+03:00,56.3284
2019-05-20T00:00:00.000+03:00,31.2935
2017-01-19T00:00:00.000+03:00,23.1938
2018-03-09T00:00:00.000+03:00,38.2003
2019-02-10T00:00:00.000+03:00,8.8808
2018-05-29T00:00:00.000+03:00,29.509
2018-12-09T00:00:00.000+03:00,11.6189
2018-07-01T00:00:00.000+03:00,11.9533
2016-07-15T00:00:00.000+03:00,10.9557
2018-12-24T00:00:00.000+03:00,10.8846
2019-10-14T00:00:00.000+03:00,30.2203
,0.34
2019-06-26T00:00:00.000+03:00,52.1293
2018-11-05T00:00:00.000+03:00,69.8664
2017-09-10T00:00:00.000+03:00,7.7331
2020-03-20T00:00:00.000+03:00,49.3281
2019-02-19T00:00:00.000+03:00,44.606
2018-03-03T00:00:00.000+03:00,13.9254
2016-03-04T00:00:00.000+02:00,3.3319
2016-06-28T00:00:00.000+03:00,24.3082
2019-12-10T00:00:00.000+03:00,76.2586
2018-06-18T00:00:00.000+03:00,28.418
2017-11-09T00:00:00.000+03:00,53.5193
2019-02-04T00:00:00.000+03:00,50.0499
2016-01-06T00:00:00.000+02:00,16.565
2016-10-02T00:00:00.000+03:00,9.1895
2018-04-13T00:00:00.000+03:00,37.3687
2019-04-07T00:00:00.000+03:00,11.8658
2016-04-17T00:00:00.000+03:00,8.1356
2018-12-02T00:00:00.000+03:00,12.9593
2019-10-09T00:00:00.000+03:00,31.7515
2016-09-18T00:00:00.000+03:00,6.3504
2017-09-20T00:00:00.000+03:00,45.5366
2019-02-01T00:00:00.000+03:00,54.9826
2016-05-26T00:00:00.000+03:00,22.271
2016-02-06T00:00:00.000+02:00,6.538
2018-06-15T00:00:00.000+03:00,31.0639
2017-10-18T00:00:00.000+03:00,43.3356
2018-10-24T00:00:00.000+03:00,32.1049
2016-05-25T00:00:00.000+03:00,23.2926
2018-08-07T00:00:00.000+03:00,26.162
2019-05-29T00:00:00.000+03:00,48.3807
2017-02-18T00:00:00.000+03:00,1.9882
2017-07-02T00:00:00.000+03:00,10.6771
2019-06-13T00:00:00.000+03:00,57.3061
2017-11-08T00:00:00.000+03:00,34.3522
2017-02-17T00:00:00.000+03:00,20.1147
2016-06-01T00:00:00.000+03:00,35.8305
2018-01-04T00:00:00.000+03:00,31.2341
2016-04-05T00:00:00.000+03:00,29.4073
2019-01-20T00:00:00.000+03:00,9.6827
2020-01-23T00:00:00.000+03:00,44.4428
2018-02-18T00:00:00.000+03:00,10.0212
2016-10-16T00:00:00.000+03:00,5.007
2016-11-26T00:00:00.000+03:00,3.582
2018-05-18T00:00:00.000+03:00,28.069
2017-09-22T00:00:00.000+03:00,21.8323
2018-05-06T00:00:00.000+03:00,6.1377
2018-08-20T00:00:00.000+03:00,32.0959
2016-05-13T00:00:00.000+03:00,14.4544
2019-09-17T00:00:00.000+03:00,54.2969
2020-02-08T00:00:00.000+03:00,9.6187
2018-06-21T00:00:00.000+03:00,57.4194
2016-02-03T00:00:00.000+02:00,31.0574
2016-04-29T00:00:00.000+03:00,28.9341
2017-06-28T00:00:00.000+03:00,36.1073
2016-02-07T00:00:00.000+02:00,3.5287
2016-04-14T00:00:00.000+03:00,25.4887
2016-06-27T00:00:00.000+03:00,10.9282
2016-12-24T00:00:00.000+03:00,7.9207
2019-01-21T00:00:00.000+03:00,16.6398
2019-09-16T00:00:00.000+03:00,43.4972
2019-10-18T00:00:00.000+03:00,42.1369
2019-10-31T00:00:00.000+03:00,44.2586
2017-03-05T00:00:00.000+03:00,4.4812
2017-06-12T00:00:00.000+03:00,30.664
2019-02-07T00:00:00.000+03:00,43.4911
2018-01-22T00:00:00.000+03:00,33.8548
2016-02-12T00:00:00.000+02:00,13.3689
2016-11-12T00:00:00.000+03:00,9.4661
2016-01-20T00:00:00.000+02:00,7.9148
2016-10-24T00:00:00.000+03:00,18.835
2016-11-17T00:00:00.000+03:00,25.6321
2016-12-29T00:00:00.000+03:00,11.7175
2017-04-10T00:00:00.000+03:00,25.0161
2016-10-19T00:00:00.000+03:00,13.3571
2019-02-11T00:00:00.000+03:00,55.3161
2017-06-30T00:00:00.000+03:00,29.9706
2020-02-02T00:00:00.000+03:00,10.4606
2017-06-26T00:00:00.000+03:00,50.2871
2019-06-14T00:00:00.000+03:00,46.3147
2017-04-25T00:00:00.000+03:00,24.716
2016-05-24T00:00:00.000+03:00,20.3891
2017-03-04T00:00:00.000+03:00,5.8332
2018-12-29T00:00:00.000+03:00,12.6087
2019-09-03T00:00:00.000+03:00,33.7411
2020-03-24T00:00:00.000+03:00,34.2056
2017-09-01T00:00:00.000+03:00,31.1014
2018-01-17T00:00:00.000+03:00,38.4041
2017-02-15T00:00:00.000+03:00,21.9961
2018-02-22T00:00:00.000+03:00,27.2679
2017-06-04T00:00:00.000+03:00,7.4979
2018-05-27T00:00:00.000+03:00,5.7078
2019-02-28T00:00:00.000+03:00,46.9936
2018-07-27T00:00:00.000+03:00,42.3028
2016-03-23T00:00:00.000+02:00,15.9398
2019-06-16T00:00:00.000+03:00,10.3189
2019-06-27T00:00:00.000+03:00,56.5311
2019-03-23T00:00:00.000+03:00,7.2623
2017-07-04T00:00:00.000+03:00,19.0164
2018-11-08T00:00:00.000+03:00,46.5179
2017-08-14T00:00:00.000+03:00,22.589
2020-01-28T00:00:00.000+03:00,31.2659
2019-02-14T00:00:00.000+03:00,111.73
2016-01-10T00:00:00.000+02:00,12.2958
2018-06-13T00:00:00.000+03:00,46.6651
2016-03-12T00:00:00.000+02:00,2.7925
2019-11-26T00:00:00.000+03:00,74.6103
2018-03-19T00:00:00.000+03:00,49.1374
2017-02-25T00:00:00.000+03:00,8.879
2018-05-13T00:00:00.000+03:00,9.4405
,-0.0258
2018-04-12T00:00:00.000+03:00,28.7561
2018-04-30T00:00:00.000+03:00,32.6227
2019-06-04T00:00:00.000+03:00,46.967
2016-09-08T00:00:00.000+03:00,25.5307
2018-01-09T00:00:00.000+03:00,64.4214
2018-05-10T00:00:00.000+03:00,25.7832
2019-04-19T00:00:00.000+03:00,18.5607
2018-11-18T00:00:00.000+03:00,12.6647
2019-03-30T00:00:00.000+03:00,10.8306
2018-09-24T00:00:00.000+03:00,50.4106
2017-12-14T00:00:00.000+03:00,57.7472
2016-10-09T00:00:00.000+03:00,8.0022
2018-12-13T00:00:00.000+03:00,62.986
2018-12-07T00:00:00.000+03:00,39.767
2017-08-04T00:00:00.000+03:00,28.4672
2018-04-05T00:00:00.000+03:00,34.839
2017-01-16T00:00:00.000+03:00,19.3126
2019-08-27T00:00:00.000+03:00,40.5215
2017-10-09T00:00:00.000+03:00,28.4925
2017-12-17T00:00:00.000+03:00,4.7251
2016-07-13T00:00:00.000+03:00,21.7548
2016-11-02T00:00:00.000+03:00,30.9125
2019-10-01T00:00:00.000+03:00,61.1411
2017-11-10T00:00:00.000+03:00,34.0807
2016-04-03T00:00:00.000+03:00,2.9169
2017-05-26T00:00:00.000+03:00,21.7759
2019-06-29T00:00:00.000+03:00,8.7426
2018-12-18T00:00:00.000+03:00,47.8385
2017-03-25T00:00:00.000+03:00,11.3055
2016-03-05T00:00:00.000+02:00,8.0014
2017-05-13T00:00:00.000+03:00,11.2108
2017-01-01T00:00:00.000+03:00,6.9987
2018-07-14T00:00:00.000+03:00,11.7175
2017-11-23T00:00:00.000+03:00,27.4906
2018-10-16T00:00:00.000+03:00,42.9625
2017-08-08T00:00:00.000+03:00,13.5023
2019-02-26T00:00:00.000+03:00,36.0176
2017-02-13T00:00:00.000+03:00,23.1259
2018-06-29T00:00:00.000+03:00,36.5664
2020-03-04T00:00:00.000+03:00,43.8733
2018-04-24T00:00:00.000+03:00,52.9314
2019-05-04T00:00:00.000+03:00,21.7731
2016-06-14T00:00:00.000+03:00,18.2529
2019-02-06T00:00:00.000+03:00,36.7813
2017-05-19T00:00:00.000+03:00,22.4715
2019-07-23T00:00:00.000+03:00,79.9182
2020-01-30T00:00:00.000+03:00,60.4781
2020-03-10T00:00:00.000+03:00,23.6166
2017-04-04T00:00:00.000+03:00,19.7569
2016-03-14T00:00:00.000+02:00,10.6197
2017-05-28T00:00:00.000+03:00,1.0443
2018-09-06T00:00:00.000+03:00,36.4543
2017-01-22T00:00:00.000+03:00,6.7232
2017-06-18T00:00:00.000+03:00,7.2372
2020-01-20T00:00:00.000+03:00,20.6257
2017-02-12T00:00:00.000+03:00,34.8431
2018-07-23T00:00:00.000+03:00,23.2834
2016-06-15T00:00:00.000+03:00,11.8786
2016-05-31T00:00:00.000+03:00,12.1895
2018-07-11T00:00:00.000+03:00,37.179
2019-06-07T00:00:00.000+03:00,63.2407
2018-04-20T00:00:00.000+03:00,30.9089
2016-05-01T00:00:00.000+03:00,1.6122
2019-02-21T00:00:00.000+03:00,42.4455
2016-01-01T00:00:00.000+02:00,4.5511
2016-02-18T00:00:00.000+02:00,15.3776
2019-02-23T00:00:00.000+03:00,9.5995
,0.4939
2020-02-03T00:00:00.000+03:00,42.7913
2020-03-12T00:00:00.000+03:00,43.3319
2017-07-14T00:00:00.000+03:00,32.9727
2018-01-02T00:00:00.000+03:00,29.6162
2016-11-03T00:00:00.000+03:00,38.9967
2019-04-24T00:00:00.000+03:00,57.6704
2018-01-06T00:00:00.000+03:00,9.1096
2017-10-04T00:00:00.000+03:00,70.0597
2016-08-06T00:00:00.000+03:00,5.8259
2017-01-23T00:00:00.000+03:00,15.8754
2020-01-29T00:00:00.000+03:00,45.5676
2020-01-31T00:00:00.000+03:00,31.9312
2017-03-10T00:00:00.000+03:00,20.4477
2018-04-23T00:00:00.000+03:00,45.6317
2018-01-07T00:00:00.000+03:00,26.8268
2017-06-06T00:00:00.000+03:00,45.5694
2018-08-15T00:00:00.000+03:00,30.1425
2016-04-21T00:00:00.000+03:00,19.7805
2018-07-24T00:00:00.000+03:00,41.3345
2016-08-22T00:00:00.000+03:00,5.4446
2017-01-03T00:00:00.000+03:00,23.8665
2019-11-24T00:00:00.000+03:00,25.8998
2018-10-09T00:00:00.000+03:00,57.2575
2019-06-10T00:00:00.000+03:00,55.2603
2017-06-09T00:00:00.000+03:00,32.9524
2016-03-31T00:00:00.000+03:00,26.6045
2016-05-28T00:00:00.000+03:00,7.1625
2017-11-25T00:00:00.000+03:00,8.1804
2019-10-27T00:00:00.000+03:00,11.9224
2020-03-11T00:00:00.000+03:00,49.9249
2019-02-17T00:00:00.000+03:00,7.249
2018-05-19T00:00:00.000+03:00,8.4624
2019-06-06T00:00:00.000+03:00,57.3501
2017-08-23T00:00:00.000+03:00,37.0866
2018-09-25T00:00:00.000+03:00,38.27
2017-07-23T00:00:00.000+03:00,6.2113
2016-12-25T00:00:00.000+03:00,8.5154
2018-05-28T00:00:00.000+03:00,5.85
2019-10-20T00:00:00.000+03:00,5.5572
2019-12-20T00:00:00.000+03:00,49.6357
2017-10-13T00:00:00.000+03:00,17.7769
2019-02-08T00:00:00.000+03:00,42.6199
2017-07-03T00:00:00.000+03:00,14.2639
2016-01-09T00:00:00.000+02:00,7.8776
2019-10-11T00:00:00.000+03:00,31.236
2020-01-27T00:00:00.000+03:00,39.1365
2017-08-16T00:00:00.000+03:00,35.5299
2017-07-12T00:00:00.000+03:00,39.5701
2018-08-06T00:00:00.000+03:00,32.3885
2019-12-02T00:00:00.000+03:00,114.4759
2017-04-24T00:00:00.000+03:00,31.1964
2017-05-22T00:00:00.000+03:00,27.8625
2018-09-28T00:00:00.000+03:00,33.8632
2018-07-26T00:00:00.000+03:00,63.1884
2017-04-21T00:00:00.000+03:00,27.551
2019-03-16T00:00:00.000+03:00,13.7951
2016-12-26T00:00:00.000+03:00,5.6609
2019-07-14T00:00:00.000+03:00,16.2303
2019-09-30T00:00:00.000+03:00,32.6049
2020-02-20T00:00:00.000+03:00,52.6048
2018-08-16T00:00:00.000+03:00,34.7202
2018-03-27T00:00:00.000+03:00,31.5047
2017-11-16T00:00:00.000+03:00,61.3996
2016-06-26T00:00:00.000+03:00,2.9294
2016-07-05T00:00:00.000+03:00,9.6625
2017-11-14T00:00:00.000+03:00,38.4971
2019-05-05T00:00:00.000+03:00,9.748
2016-08-13T00:00:00.000+03:00,5.942
2019-09-18T00:00:00.000+03:00,76.8449
2019-10-23T00:00:00.000+03:00,62.1558
2019-12-11T00:00:00.000+03:00,60.7269
2018-05-17T00:00:00.000+03:00,34.5352
2016-10-06T00:00:00.000+03:00,29.6715
2017-04-23T00:00:00.000+03:00,9.5862
2019-03-05T00:00:00.000+03:00,51.3928
2019-03-29T00:00:00.000+03:00,41.296
2017-06-21T00:00:00.000+03:00,32.7065
2019-01-16T00:00:00.000+03:00,40.7342
2018-09-19T00:00:00.000+03:00,45.8843
2018-11-10T00:00:00.000+03:00,9.3291
2018-07-03T00:00:00.000+03:00,36.6194
2019-11-30T00:00:00.000+03:00,26.8068
2020-01-11T00:00:00.000+03:00,7.6825
2016-12-20T00:00:00.000+03:00,19.6562
2017-09-16T00:00:00.000+03:00,10.2266
2018-03-11T00:00:00.000+03:00,9.0332
2018-01-23T00:00:00.000+03:00,56.2514
2016-08-02T00:00:00.000+03:00,15.7192
2016-02-23T00:00:00.000+02:00,20.0749
2016-03-22T00:00:00.000+02:00,7.9496
2017-10-15T00:00:00.000+03:00,7.8453
2016-02-01T00:00:00.000+02:00,15.4
2016-02-05T00:00:00.000+02:00,14.3285
2016-05-18T00:00:00.000+03:00,32.6927
2019-03-25T00:00:00.000+03:00,62.3697
2016-08-16T00:00:00.000+03:00,24.7409
2017-08-25T00:00:00.000+03:00,25.2009
2016-09-06T00:00:00.000+03:00,10.2428
2020-03-13T00:00:00.000+03:00,31.9489
2017-11-04T00:00:00.000+03:00,10.5299
2018-07-05T00:00:00.000+03:00,29.1312
2018-10-06T00:00:00.000+03:00,10.5972
2016-05-11T00:00:00.000+03:00,17.0844
2019-08-28T00:00:00.000+03:00,64.9467
2020-03-27T00:00:00.000+03:00,46.8092
2018-11-24T00:00:00.000+03:00,20.2869
2016-08-24T00:00:00.000+03:00,17.1757
2019-07-03T00:00:00.000+03:00,18.1778
2019-05-23T00:00:00.000+03:00,47.7223
2017-08-15T00:00:00.000+03:00,25.986
2019-02-25T00:00:00.000+03:00,37.9535
2016-10-12T00:00:00.000+03:00,36.032
2017-08-06T00:00:00.000+03:00,10.5242
2016-09-17T00:00:00.000+03:00,6.7191
2016-08-04T00:00:00.000+03:00,20.9841
2017-01-20T00:00:00.000+03:00,27.8606
2016-01-11T00:00:00.000+02:00,29.3103
2019-11-06T00:00:00.000+03:00,58.8914
2020-03-22T00:00:00.000+03:00,7.4391
2017-03-01T00:00:00.000+03:00,23.8338
2019-02-22T00:00:00.000+03:00,42.6011
2018-02-03T00:00:00.000+03:00,8.8972
2017-05-27T00:00:00.000+03:00,9.5681
2017-02-07T00:00:00.000+03:00,26.3607
2017-04-29T00:00:00.000+03:00,13.7104
2019-07-24T00:00:00.000+03:00,80.1811
2018-04-26T00:00:00.000+03:00,59.4685
2018-04-15T00:00:00.000+03:00,8.3428
2017-01-26T00:00:00.000+03:00,31.3436
2016-02-14T00:00:00.000+02:00,7.9345
2019-08-06T00:00:00.000+03:00,55.7821
2019-11-10T00:00:00.000+03:00,18.2474
2018-07-17T00:00:00.000+03:00,93.8799
2017-11-15T00:00:00.000+03:00,52.5352
2017-02-01T00:00:00.000+03:00,31.0034
2018-11-09T00:00:00.000+03:00,36.6659
2016-02-10T00:00:00.000+02:00,14.0723
2019-05-25T00:00:00.000+03:00,12.9991
2017-10-08T00:00:00.000+03:00,8.6412
2019-09-01T00:00:00.000+03:00,10.837
2019-10-19T00:00:00.000+03:00,9.6023
2018-03-06T00:00:00.000+03:00,50.5758
2016-02-02T00:00:00.000+02:00,23.002
2016-07-29T00:00:00.000+03:00,38.7052
2018-08-05T00:00:00.000+03:00,7.1593
2018-02-10T00:00:00.000+03:00,14.8266
2019-03-31T00:00:00.000+03:00,4.404
,0.5994
2020-03-28T00:00:00.000+03:00,12.6202
2017-10-25T00:00:00.000+03:00,63.6671
2017-07-13T00:00:00.000+03:00,42.2029
2019-01-23T00:00:00.000+03:00,36.7571
2017-08-20T00:00:00.000+03:00,11.0413
2016-10-10T00:00:00.000+03:00,10.7887
2017-04-06T00:00:00.000+03:00,36.684
2017-10-21T00:00:00.000+03:00,12.3244
2019-03-14T00:00:00.000+03:00,42.688
2017-06-25T00:00:00.000+03:00,9.6676
2020-02-11T00:00:00.000+03:00,76.5582
2016-12-07T00:00:00.000+03:00,33.9687
2019-04-20T00:00:00.000+03:00,8.8417
2018-06-27T00:00:00.000+03:00,46.8011
2016-12-12T00:00:00.000+03:00,31.9546
2016-10-27T00:00:00.000+03:00,32.8968
2016-06-06T00:00:00.000+03:00,7.2734
2018-11-21T00:00:00.000+03:00,61.2864
2018-02-12T00:00:00.000+03:00,41.9806
2019-02-27T00:00:00.000+03:00,51.5781
2019-08-07T00:00:00.000+03:00,57.8479
2016-07-12T00:00:00.000+03:00,31.0559
2017-03-14T00:00:00.000+03:00,25.204
2016-01-19T00:00:00.000+02:00,20.6469
2016-03-15T00:00:00.000+02:00,22.1728
2016-08-31T00:00:00.000+03:00,24.2556
2017-01-14T00:00:00.000+03:00,6.3271
2016-07-09T00:00:00.000+03:00,3.8071
2019-08-17T00:00:00.000+03:00,15.6358
2019-09-04T00:00:00.000+03:00,58.6747
2019-10-08T00:00:00.000+03:00,40.961
2019-12-21T00:00:00.000+03:00,9.4155
2020-03-01T00:00:00.000+03:00,7.3848
2018-03-23T00:00:00.000+03:00,33.5869
2019-05-10T00:00:00.000+03:00,47.5841
2017-06-14T00:00:00.000+03:00,23.7437
2016-02-17T00:00:00.000+02:00,11.0174
2017-05-25T00:00:00.000+03:00,22.932
2018-07-22T00:00:00.000+03:00,9.4186
2019-05-24T00:00:00.000+03:00,32.6548
2017-11-12T00:00:00.000+03:00,14.334
2019-02-20T00:00:00.000+03:00,47.7639
2018-04-09T00:00:00.000+03:00,16.6098
2018-10-21T00:00:00.000+03:00,6.5662
2019-11-14T00:00:00.000+03:00,70.1648
2018-02-28T00:00:00.000+03:00,44.0247
2016-11-08T00:00:00.000+03:00,16.3184
2018-09-09T00:00:00.000+03:00,8.3597
2017-09-18T00:00:00.000+03:00,36.5602
2019-08-10T00:00:00.000+03:00,8.0619
2019-08-12T00:00:00.000+03:00,41.4461
2019-09-10T00:00:00.000+03:00,80.8439
2019-12-04T00:00:00.000+03:00,78.8399
2018-07-10T00:00:00.000+03:00,33.2268
2017-09-19T00:00:00.000+03:00,57.4472
2016-06-13T00:00:00.000+03:00,22.0948
2018-03-17T00:00:00.000+03:00,6.9702
2017-04-22T00:00:00.000+03:00,8.9676
2016-03-25T00:00:00.000+02:00,7.9838
2016-11-20T00:00:00.000+03:00,5.6174
2019-10-16T00:00:00.000+03:00,60.9143
,0
2019-03-15T00:00:00.000+03:00,35.8693
2018-12-21T00:00:00.000+03:00,49.4008
2016-10-03T00:00:00.000+03:00,30.6222
2017-09-09T00:00:00.000+03:00,12.6376
2018-08-21T00:00:00.000+03:00,25.9847
2016-04-24T00:00:00.000+03:00,6.4964
2019-11-03T00:00:00.000+03:00,6.2864
2018-07-08T00:00:00.000+03:00,8.3165
2018-09-26T00:00:00.000+03:00,51.2291
2018-04-27T00:00:00.000+03:00,51.3257
2016-06-24T00:00:00.000+03:00,9.2035
2017-03-11T00:00:00.000+03:00,8.5682
2020-02-10T00:00:00.000+03:00,55.1706
2017-03-02T00:00:00.000+03:00,32.8803
2017-01-04T00:00:00.000+03:00,49.1427
2017-01-29T00:00:00.000+03:00,0.4123
2016-09-20T00:00:00.000+03:00,15.904
2016-08-28T00:00:00.000+03:00,4.6951
2017-05-09T00:00:00.000+03:00,60.4799
2016-05-23T00:00:00.000+03:00,14.5842
2018-11-29T00:00:00.000+03:00,41.925
2019-05-15T00:00:00.000+03:00,43.8483
2018-11-04T00:00:00.000+03:00,10.1235
2016-01-21T00:00:00.000+02:00,14.9855
2018-11-16T00:00:00.000+03:00,37.2135
2018-05-01T00:00:00.000+03:00,51.1247
,0.5994
2018-02-01T00:00:00.000+03:00,74.4128
2017-06-16T00:00:00.000+03:00,106.0914
2018-12-05T00:00:00.000+03:00,37.0247
2018-10-02T00:00:00.000+03:00,69.6714
2016-05-29T00:00:00.000+03:00,4.6404
2016-08-09T00:00:00.000+03:00,16.6371
2019-02-02T00:00:00.000+03:00,11.4959
2019-12-26T00:00:00.000+03:00,50.0387
2018-05-20T00:00:00.000+03:00,5.8073
2017-07-08T00:00:00.000+03:00,5.4887
2017-11-17T00:00:00.000+03:00,33.9226
2017-12-20T00:00:00.000+03:00,37.3593
2017-06-11T00:00:00.000+03:00,6.7915
2016-07-27T00:00:00.000+03:00,21.9624
2019-05-11T00:00:00.000+03:00,9.6643
2016-08-26T00:00:00.000+03:00,17.258
2017-12-13T00:00:00.000+03:00,49.2729
2018-01-27T00:00:00.000+03:00,11.127
2017-02-03T00:00:00.000+03:00,29.7134
2019-10-17T00:00:00.000+03:00,54.8141
2019-12-29T00:00:00.000+03:00,7.1143
2017-09-29T00:00:00.000+03:00,39.7813
2018-10-22T00:00:00.000+03:00,36.988
2016-07-31T00:00:00.000+03:00,4.2165
2018-12-11T00:00:00.000+03:00,42.2283
2017-01-08T00:00:00.000+03:00,21.4131
2016-01-07T00:00:00.000+02:00,7.0456
2017-05-30T00:00:00.000+03:00,32.7153
2020-02-07T00:00:00.000+03:00,31.7119
2017-04-08T00:00:00.000+03:00,6.0434
2018-03-31T00:00:00.000+03:00,7.6994
2017-10-03T00:00:00.000+03:00,23.0574
2018-09-21T00:00:00.000+03:00,25.0646
2018-06-28T00:00:00.000+03:00,81.4833
2019-09-19T00:00:00.000+03:00,91.199
2019-11-21T00:00:00.000+03:00,62.7959
2019-12-31T00:00:00.000+03:00,18.4088
2018-03-20T00:00:00.000+03:00,38.2287
2018-02-19T00:00:00.000+03:00,18.1915
2017-02-16T00:00:00.000+03:00,24.3566
2016-10-28T00:00:00.000+03:00,30.3611
2018-11-15T00:00:00.000+03:00,61.0748
2019-02-15T00:00:00.000+03:00,69.9588
2019-07-06T00:00:00.000+03:00,13.8638
2018-06-20T00:00:00.000+03:00,51.6788
2016-06-21T00:00:00.000+03:00,19.2677
2017-02-05T00:00:00.000+03:00,3.123
2016-04-13T00:00:00.000+03:00,26.7156
2017-11-18T00:00:00.000+03:00,10.1982
,0.4939
2019-09-13T00:00:00.000+03:00,59.1525
2020-01-19T00:00:00.000+03:00,5.88
2018-09-17T00:00:00.000+03:00,59.3202
2017-11-22T00:00:00.000+03:00,34.0482
2018-05-23T00:00:00.000+03:00,31.0018
2016-10-05T00:00:00.000+03:00,36.0039
2017-03-15T00:00:00.000+03:00,14.7301
2017-07-19T00:00:00.000+03:00,34.3599
2019-04-02T00:00:00.000+03:00,35.1926
2020-03-19T00:00:00.000+03:00,66.8896
2019-06-11T00:00:00.000+03:00,70.676
2017-02-19T00:00:00.000+03:00,6.8871
2019-09-14T00:00:00.000+03:00,14.8931
2019-11-02T00:00:00.000+03:00,7.1807
2020-02-27T00:00:00.000+03:00,44.0488
2016-03-11T00:00:00.000+02:00,17.074
2018-06-05T00:00:00.000+03:00,48.74
2017-09-08T00:00:00.000+03:00,21.1836
2019-05-08T00:00:00.000+03:00,37.7433
2016-05-12T00:00:00.000+03:00,17.5271
2017-07-09T00:00:00.000+03:00,4.4808
2018-09-30T00:00:00.000+03:00,6.4944
2020-02-16T00:00:00.000+03:00,8.8991
2020-02-21T00:00:00.000+03:00,25.0663
2016-06-03T00:00:00.000+03:00,24.7647
2019-09-02T00:00:00.000+03:00,16.4736
2019-11-28T00:00:00.000+03:00,33.9559
2018-04-17T00:00:00.000+03:00,33.6324
2016-09-05T00:00:00.000+03:00,0.7925
2017-01-30T00:00:00.000+03:00,21.1602
2016-07-24T00:00:00.000+03:00,10.2057
2017-08-05T00:00:00.000+03:00,7.093
2016-03-18T00:00:00.000+02:00,10.6619
2017-01-28T00:00:00.000+03:00,13.326
2018-03-01T00:00:00.000+03:00,39.2937
2016-09-07T00:00:00.000+03:00,33.8744
2016-01-05T00:00:00.000+02:00,18.5294
2017-04-20T00:00:00.000+03:00,34.0864
2016-12-06T00:00:00.000+03:00,28.5538
2019-11-11T00:00:00.000+03:00,56.5099
2019-12-07T00:00:00.000+03:00,12.9344
2018-03-29T00:00:00.000+03:00,32.3875
2019-03-10T00:00:00.000+03:00,11.6834
2017-03-27T00:00:00.000+03:00,24.7863
2019-02-05T00:00:00.000+03:00,51.2532
2018-10-04T00:00:00.000+03:00,53.5439
2019-07-16T00:00:00.000+03:00,197.6187
2019-07-18T00:00:00.000+03:00,48.2979
2019-08-02T00:00:00.000+03:00,42.6684
2019-01-09T00:00:00.000+03:00,58.1129
2017-02-06T00:00:00.000+03:00,15.259
2018-08-28T00:00:00.000+03:00,24.5587
2016-05-09T00:00:00.000+03:00,7.2683
2016-11-16T00:00:00.000+03:00,25.7329
2017-11-24T00:00:00.000+03:00,52.1353
2017-08-09T00:00:00.000+03:00,31.3136
2019-10-29T00:00:00.000+03:00,75.6971
2019-12-08T00:00:00.000+03:00,5.6606
2019-12-22T00:00:00.000+03:00,7.6715
2017-02-22T00:00:00.000+03:00,24.4525
2017-01-05T00:00:00.000+03:00,39.5351
2016-01-28T00:00:00.000+02:00,36.6381
2019-01-06T00:00:00.000+03:00,22.291
2016-08-14T00:00:00.000+03:00,2.5536
2017-01-21T00:00:00.000+03:00,6.3103
2017-01-13T00:00:00.000+03:00,24.7383
2017-11-05T00:00:00.000+03:00,7.9912
2020-04-01T00:00:00.000+03:00,-0.7841
2019-06-18T00:00:00.000+03:00,42.9918
2017-10-19T00:00:00.000+03:00,50.1404
2017-07-31T00:00:00.000+03:00,38.6072
2016-05-10T00:00:00.000+03:00,31.4116
2018-04-06T00:00:00.000+03:00,30.4231
2017-05-29T00:00:00.000+03:00,5.9949
2017-02-23T00:00:00.000+03:00,24.0559
2019-07-29T00:00:00.000+03:00,49.9409
2019-09-05T00:00:00.000+03:00,51.0545
2020-02-29T00:00:00.000+03:00,12.5659
2017-01-11T00:00:00.000+03:00,20.0704
2017-12-15T00:00:00.000+03:00,25.3621
,0.8225
2018-06-16T00:00:00.000+03:00,10.181
2019-09-09T00:00:00.000+03:00,73.2513
2016-09-23T00:00:00.000+03:00,31.5379
2019-05-01T00:00:00.000+03:00,46.9558
2019-03-17T00:00:00.000+03:00,7.6493
2018-09-07T00:00:00.000+03:00,33.2214
2016-09-26T00:00:00.000+03:00,21.9619
2019-04-30T00:00:00.000+03:00,38.8354
2018-07-02T00:00:00.000+03:00,30.3527
2017-02-26T00:00:00.000+03:00,22.0553
2016-03-02T00:00:00.000+02:00,6.5727
2017-05-01T00:00:00.000+03:00,36.4666
2019-09-15T00:00:00.000+03:00,6.3207
2018-04-02T00:00:00.000+03:00,-5.5929
2019-05-06T00:00:00.000+03:00,40.534
2017-04-12T00:00:00.000+03:00,35.2073
2017-04-13T00:00:00.000+03:00,20.5473
2017-10-26T00:00:00.000+03:00,66.0474
2018-08-27T00:00:00.000+03:00,33.6805
2019-09-24T00:00:00.000+03:00,64.5907
2020-01-24T00:00:00.000+03:00,54.4186
2017-09-05T00:00:00.000+03:00,19.8236
2017-07-15T00:00:00.000+03:00,9.3402
2019-03-22T00:00:00.000+03:00,39.3156
2017-07-22T00:00:00.000+03:00,12.5298
2016-09-29T00:00:00.000+03:00,18.992
2019-11-04T00:00:00.000+03:00,43.1259
2019-11-15T00:00:00.000+03:00,65.1382
2020-01-17T00:00:00.000+03:00,50.3683
2016-09-19T00:00:00.000+03:00,27.6771
2018-01-13T00:00:00.000+03:00,10.8004
2018-05-02T00:00:00.000+03:00,37.7122
2018-09-04T00:00:00.000+03:00,45.4785
2016-02-27T00:00:00.000+02:00,7.0599
2019-01-28T00:00:00.000+03:00,32.3123
2016-08-15T00:00:00.000+03:00,7.7459
2018-11-06T00:00:00.000+03:00,47.3825
2018-03-24T00:00:00.000+03:00,9.533
2019-01-31T00:00:00.000+03:00,69.231
2018-09-22T00:00:00.000+03:00,13.566
2016-09-24T00:00:00.000+03:00,6.4169
2018-08-31T00:00:00.000+03:00,27.9432
2016-12-23T00:00:00.000+03:00,19.2231
2017-06-08T00:00:00.000+03:00,46.9913
2016-08-18T00:00:00.000+03:00,22.0246
2019-07-27T00:00:00.000+03:00,13.0635
2017-07-28T00:00:00.000+03:00,45.1081
2016-01-08T00:00:00.000+02:00,14.2842
2017-02-09T00:00:00.000+03:00,33.1088
2016-05-22T00:00:00.000+03:00,1.4667
2019-05-07T00:00:00.000+03:00,40.8326
2016-10-18T00:00:00.000+03:00,25.0204
2017-04-26T00:00:00.000+03:00,37.4096
2017-05-21T00:00:00.000+03:00,4.7906
2017-10-07T00:00:00.000+03:00,16.8845
2018-12-23T00:00:00.000+03:00,6.6979
2020-03-09T00:00:00.000+03:00,24.3211
2016-01-31T00:00:00.000+02:00,0.8283
2016-12-28T00:00:00.000+03:00,18.8774
2019-03-26T00:00:00.000+03:00,53.1466
2018-08-03T00:00:00.000+03:00,42.5051
2018-03-22T00:00:00.000+03:00,46.1133
2018-12-12T00:00:00.000+03:00,58.9178
2018-08-22T00:00:00.000+03:00,31.8969
2017-04-14T00:00:00.000+03:00,16.7825
2017-12-31T00:00:00.000+03:00,6.1064
2019-10-21T00:00:00.000+03:00,43.7303
2019-05-31T00:00:00.000+03:00,30.3271
2018-04-19T00:00:00.000+03:00,50.5367
2016-03-30T00:00:00.000+03:00,16.6374
2019-05-30T00:00:00.000+03:00,42.892
2017-10-23T00:00:00.000+03:00,54.1205
2019-12-13T00:00:00.000+03:00,29.0356
2020-01-04T00:00:00.000+03:00,12.8472
2020-03-29T00:00:00.000+03:00,6.4171
2019-07-11T00:00:00.000+03:00,67.7786
2017-08-29T00:00:00.000+03:00,45.5527
2017-05-12T00:00:00.000+03:00,27.391
2016-02-20T00:00:00.000+02:00,3.579
2016-03-24T00:00:00.000+02:00,17.2344
2019-08-05T00:00:00.000+03:00,27.7285
2020-02-23T00:00:00.000+03:00,12.5595
2016-08-03T00:00:00.000+03:00,25.5023
2016-02-15T00:00:00.000+02:00,4.8475
2019-03-09T00:00:00.000+03:00,17.6802
2019-04-10T00:00:00.000+03:00,63.3824
2016-11-27T00:00:00.000+03:00,8.3629
2017-09-17T00:00:00.000+03:00,20.3751
2017-07-17T00:00:00.000+03:00,28.5869
2016-08-25T00:00:00.000+03:00,17.6756
2019-03-08T00:00:00.000+03:00,52.6141
2018-05-22T00:00:00.000+03:00,37.4258
2016-11-06T00:00:00.000+03:00,9.0859
2016-07-02T00:00:00.000+03:00,0.9549
2018-09-20T00:00:00.000+03:00,73.7978
2017-12-16T00:00:00.000+03:00,11.8362
2016-12-03T00:00:00.000+03:00,5.2198
2017-05-06T00:00:00.000+03:00,13.2424
2019-03-13T00:00:00.000+03:00,48.0506
2017-06-13T00:00:00.000+03:00,27.8175
2016-05-20T00:00:00.000+03:00,12.0254
2018-06-06T00:00:00.000+03:00,37.3614
2017-09-25T00:00:00.000+03:00,32.8483
2017-12-25T00:00:00.000+03:00,3.1665
2019-07-17T00:00:00.000+03:00,101.5472
2018-03-18T00:00:00.000+03:00,8.5479
2019-11-23T00:00:00.000+03:00,19.265
2019-04-11T00:00:00.000+03:00,70.7029
2018-03-26T00:00:00.000+03:00,35.3675
2017-11-13T00:00:00.000+03:00,37.1116
2018-09-23T00:00:00.000+03:00,16.633
2017-03-13T00:00:00.000+03:00,10.1997
2016-02-13T00:00:00.000+02:00,5.1132
2019-11-01T00:00:00.000+03:00,50.0041
2016-12-11T00:00:00.000+03:00,2.4081
2018-10-12T00:00:00.000+03:00,36.9523
2017-06-01T00:00:00.000+03:00,24.4561
2017-11-07T00:00:00.000+03:00,35.4535
2017-01-07T00:00:00.000+03:00,13.7974
2018-02-25T00:00:00.000+03:00,14.9553
2016-11-22T00:00:00.000+03:00,27.1755
2016-11-28T00:00:00.000+03:00,21.1333
2017-08-17T00:00:00.000+03:00,21.8902
2018-06-02T00:00:00.000+03:00,11.5431
2017-12-23T00:00:00.000+03:00,11.7499
2016-03-21T00:00:00.000+02:00,10.118
2017-03-19T00:00:00.000+03:00,6.0125
2016-10-07T00:00:00.000+03:00,18.5746
2016-12-10T00:00:00.000+03:00,13.138
2019-07-25T00:00:00.000+03:00,65.7142
2019-07-28T00:00:00.000+03:00,11.6771
2020-01-26T00:00:00.000+03:00,7.3462
2018-07-16T00:00:00.000+03:00,117.9741
2017-12-04T00:00:00.000+03:00,36.3125
2018-11-01T00:00:00.000+03:00,43.957
2016-04-16T00:00:00.000+03:00,3.861
2016-09-28T00:00:00.000+03:00,22.9558
2018-04-01T00:00:00.000+03:00,5.3199
2019-08-18T00:00:00.000+03:00,2.4499
2019-08-26T00:00:00.000+03:00,39.3186
2020-01-02T00:00:00.000+03:00,21.8524
2017-04-28T00:00:00.000+03:00,51.3895
2018-06-12T00:00:00.000+03:00,36.8594
2017-09-30T00:00:00.000+03:00,7.3524
2018-11-30T00:00:00.000+03:00,42.0063
2018-07-04T00:00:00.000+03:00,9.7157
2019-09-12T00:00:00.000+03:00,53.2437
2019-11-13T00:00:00.000+03:00,52.4648
2017-07-24T00:00:00.000+03:00,34.6306
2018-04-16T00:00:00.000+03:00,34.8439
2017-10-02T00:00:00.000+03:00,20.9429
2019-03-12T00:00:00.000+03:00,49.1191
2019-03-04T00:00:00.000+03:00,45.2075
2016-01-13T00:00:00.000+02:00,17.8131
2018-09-16T00:00:00.000+03:00,9.2599
2018-02-11T00:00:00.000+03:00,8.7115
2017-09-02T00:00:00.000+03:00,11.3901
2018-10-19T00:00:00.000+03:00,26.7983
2016-03-19T00:00:00.000+02:00,7.7439
2017-03-20T00:00:00.000+03:00,21.4789
2019-01-29T00:00:00.000+03:00,40.022
2019-04-03T00:00:00.000+03:00,36.0261
2016-09-09T00:00:00.000+03:00,9.6709
2016-11-07T00:00:00.000+03:00,12.3789
2016-06-09T00:00:00.000+03:00,24.6263
2018-04-08T00:00:00.000+03:00,6.1837
2017-12-19T00:00:00.000+03:00,32.0915
2019-12-27T00:00:00.000+03:00,36.138
2018-09-18T00:00:00.000+03:00,70.8212
2018-01-31T00:00:00.000+03:00,59.9834
2016-02-22T00:00:00.000+02:00,23.8793
2016-08-21T00:00:00.000+03:00,4.4149
2018-05-24T00:00:00.000+03:00,39.3619
2016-03-13T00:00:00.000+02:00,3.9303
2017-12-30T00:00:00.000+03:00,9.2051
2020-01-07T00:00:00.000+03:00,39.2834
2017-02-02T00:00:00.000+03:00,35.7708
2017-11-27T00:00:00.000+03:00,46.6394
2019-04-16T00:00:00.000+03:00,39.2199
2019-06-20T00:00:00.000+03:00,55.4349
2018-10-05T00:00:00.000+03:00,50.7179
2016-06-30T00:00:00.000+03:00,19.5963
2017-08-30T00:00:00.000+03:00,50.3817
2019-08-14T00:00:00.000+03:00,42.6357
2019-09-28T00:00:00.000+03:00,15.6375
2019-11-12T00:00:00.000+03:00,60.0418
2019-12-24T00:00:00.000+03:00,22.8846
2016-10-22T00:00:00.000+03:00,3.3474
2016-02-21T00:00:00.000+02:00,3.6696
2016-07-03T00:00:00.000+03:00,1.9869
2020-01-09T00:00:00.000+03:00,30.1714
2018-09-13T00:00:00.000+03:00,48.527
2019-02-03T00:00:00.000+03:00,9.8684
2017-01-24T00:00:00.000+03:00,35.3165
2018-01-18T00:00:00.000+03:00,43.3492
2017-10-10T00:00:00.000+03:00,51.3255
2017-08-19T00:00:00.000+03:00,5.0918
2016-07-01T00:00:00.000+03:00,8.2256
2018-12-14T00:00:00.000+03:00,38.3554
2018-06-24T00:00:00.000+03:00,2.1155
2019-05-09T00:00:00.000+03:00,57.2818
2016-01-25T00:00:00.000+02:00,13.1268
2018-07-15T00:00:00.000+03:00,10.7778
2019-12-15T00:00:00.000+03:00,9.9397
2020-02-24T00:00:00.000+03:00,27.2963
2020-03-08T00:00:00.000+03:00,5.8427
2017-03-21T00:00:00.000+03:00,23.6691
2016-07-26T00:00:00.000+03:00,18.3309
2018-05-30T00:00:00.000+03:00,29.8205
2016-05-04T00:00:00.000+03:00,19.664
2018-03-02T00:00:00.000+03:00,31.6171
2017-12-26T00:00:00.000+03:00,19.0645
2017-04-18T00:00:00.000+03:00,24.891
2019-04-27T00:00:00.000+03:00,10.49
2018-10-27T00:00:00.000+03:00,13.1829
,0
,1.7964
2019-11-08T00:00:00.000+03:00,48.2285
2019-11-18T00:00:00.000+03:00,47.8653
2019-12-06T00:00:00.000+03:00,40.9264
2016-07-14T00:00:00.000+03:00,21.3927
2018-06-14T00:00:00.000+03:00,33.7158
2018-07-13T00:00:00.000+03:00,46.3521
2018-11-28T00:00:00.000+03:00,64.8178
2018-10-28T00:00:00.000+03:00,13.6131
2016-02-04T00:00:00.000+02:00,15.5026
2016-02-26T00:00:00.000+02:00,14.2642
2017-12-28T00:00:00.000+03:00,24.5351
2018-09-08T00:00:00.000+03:00,9.3368
2016-10-11T00:00:00.000+03:00,23.0121
2019-05-03T00:00:00.000+03:00,44.9108
2019-04-17T00:00:00.000+03:00,36.8154
2018-02-21T00:00:00.000+03:00,27.0417
2016-05-05T00:00:00.000+03:00,27.2347
2018-08-17T00:00:00.000+03:00,37.2597
2016-07-25T00:00:00.000+03:00,18.3932
2019-10-24T00:00:00.000+03:00,77.3366
2017-06-02T00:00:00.000+03:00,40.1441
2019-01-25T00:00:00.000+03:00,36.8367
2016-09-16T00:00:00.000+03:00,19.6025
2016-02-16T00:00:00.000+02:00,13.5383
2017-06-27T00:00:00.000+03:00,29.559
2016-09-01T00:00:00.000+03:00,20.9676
2018-07-31T00:00:00.000+03:00,27.0103
2019-07-21T00:00:00.000+03:00,8.9427
2019-09-11T00:00:00.000+03:00,49.6113
2019-10-02T00:00:00.000+03:00,33.8189
2020-02-09T00:00:00.000+03:00,5.1782
2019-06-24T00:00:00.000+03:00,35.7814
2019-07-02T00:00:00.000+03:00,39.6509
2018-05-08T00:00:00.000+03:00,60.614
2017-11-02T00:00:00.000+03:00,30.1599
2016-09-12T00:00:00.000+03:00,12.7746
2018-09-14T00:00:00.000+03:00,38.0608
2018-01-29T00:00:00.000+03:00,23.5777
2017-12-06T00:00:00.000+03:00,55.1582
2016-05-15T00:00:00.000+03:00,7.2338
2018-02-14T00:00:00.000+03:00,48.3698
2019-07-20T00:00:00.000+03:00,11.5251
2019-10-25T00:00:00.000+03:00,70.2403
2020-01-14T00:00:00.000+03:00,60.3202
2019-06-21T00:00:00.000+03:00,33.3663
2016-04-25T00:00:00.000+03:00,14.8166
2016-12-27T00:00:00.000+03:00,16.4411
2016-02-29T00:00:00.000+02:00,23.5105
2017-07-27T00:00:00.000+03:00,82.2528
2018-06-26T00:00:00.000+03:00,30.2377
2019-04-14T00:00:00.000+03:00,17.38
2016-03-01T00:00:00.000+02:00,20.2249
2016-08-19T00:00:00.000+03:00,14.5441
2019-10-13T00:00:00.000+03:00,2.2747
2020-02-14T00:00:00.000+03:00,41.531
2018-05-07T00:00:00.000+03:00,49.8666
2018-01-03T00:00:00.000+03:00,38.2306
2018-02-20T00:00:00.000+03:00,41.7013
2017-07-05T00:00:00.000+03:00,34.6923
2016-01-15T00:00:00.000+02:00,18.9452
2017-08-28T00:00:00.000+03:00,37.2509
2018-08-11T00:00:00.000+03:00,1.1756
2020-01-25T00:00:00.000+03:00,9.7615
2019-06-25T00:00:00.000+03:00,43.6966
2017-05-03T00:00:00.000+03:00,30.0073
2019-05-21T00:00:00.000+03:00,40.8675
2016-11-11T00:00:00.000+03:00,23.5054
2018-08-01T00:00:00.000+03:00,33.6246
2018-04-29T00:00:00.000+03:00,13.2737
2018-12-28T00:00:00.000+03:00,29.6256
2016-06-25T00:00:00.000+03:00,8.8814
2019-09-27T00:00:00.000+03:00,38.0257
,0.1779
2019-01-10T00:00:00.000+03:00,71.0083
2018-11-03T00:00:00.000+03:00,8.3157
2018-05-11T00:00:00.000+03:00,23.5455
2016-12-19T00:00:00.000+03:00,21.0568
2017-12-07T00:00:00.000+03:00,28.1923
2016-09-04T00:00:00.000+03:00,1.3094
2017-08-11T00:00:00.000+03:00,24.619
,0.6518
2020-02-06T00:00:00.000+03:00,50.4609
2020-03-15T00:00:00.000+03:00,6.3024
2016-08-05T00:00:00.000+03:00,20.1151
2018-01-30T00:00:00.000+03:00,71.285
2018-03-14T00:00:00.000+03:00,40.5219
2017-11-03T00:00:00.000+03:00,30.8395
2019-07-15T00:00:00.000+03:00,171.0213
2018-10-18T00:00:00.000+03:00,34.7613
2018-12-10T00:00:00.000+03:00,22.8766
2018-10-08T00:00:00.000+03:00,51.9207
2018-10-20T00:00:00.000+03:00,7.2328
2018-12-06T00:00:00.000+03:00,45.6974
2016-06-22T00:00:00.000+03:00,20.99
2019-11-20T00:00:00.000+03:00,52.4383
2020-03-07T00:00:00.000+03:00,12.8848
2019-01-13T00:00:00.000+03:00,8.0432
2018-07-25T00:00:00.000+03:00,33.9387
2016-04-04T00:00:00.000+03:00,25.1019
2016-08-27T00:00:00.000+03:00,8.3822
2018-08-26T00:00:00.000+03:00,2.7601
2019-11-25T00:00:00.000+03:00,57.7459
2019-12-16T00:00:00.000+03:00,36.4334
2020-03-17T00:00:00.000+03:00,66.2166
2018-11-14T00:00:00.000+03:00,81.9053
2019-07-04T00:00:00.000+03:00,7.2507
2016-04-19T00:00:00.000+03:00,19.8973
2017-11-19T00:00:00.000+03:00,8.8137
2019-08-24T00:00:00.000+03:00,0.8774
2019-11-09T00:00:00.000+03:00,17.4123
2017-06-17T00:00:00.000+03:00,17.4485
2016-07-10T00:00:00.000+03:00,2.3216
2017-07-07T00:00:00.000+03:00,31.8358
2019-03-18T00:00:00.000+03:00,27.2167
2016-03-20T00:00:00.000+02:00,5.3692
2017-10-14T00:00:00.000+03:00,3.3644
2016-12-17T00:00:00.000+03:00,5.9021
2017-11-28T00:00:00.000+03:00,54.0001
2016-04-02T00:00:00.000+03:00,4.5221
2019-11-27T00:00:00.000+03:00,72.393
2019-12-05T00:00:00.000+03:00,53.4602
2019-07-05T00:00:00.000+03:00,18.7811
2017-12-12T00:00:00.000+03:00,32.0642
2019-02-18T00:00:00.000+03:00,13.4172
2019-01-18T00:00:00.000+03:00,32.5638
2018-05-14T00:00:00.000+03:00,35.6033
2019-08-19T00:00:00.000+03:00,49.0315
2016-04-20T00:00:00.000+03:00,13.0757
2017-08-12T00:00:00.000+03:00,8.4137
2017-03-29T00:00:00.000+03:00,33.2155
2017-11-26T00:00:00.000+03:00,15.7254
2018-03-04T00:00:00.000+03:00,14.3002
2019-07-31T00:00:00.000+03:00,46.1536
2019-11-19T00:00:00.000+03:00,61.989
2020-03-18T00:00:00.000+03:00,29.0153
2016-03-10T00:00:00.000+02:00,22.5586
2016-07-07T00:00:00.000+03:00,9.7049
2016-11-15T00:00:00.000+03:00,22.8687
2016-11-14T00:00:00.000+03:00,23.1624
2018-07-12T00:00:00.000+03:00,55.1639
2018-09-11T00:00:00.000+03:00,26.353
2018-02-24T00:00:00.000+03:00,10.9307
2016-01-02T00:00:00.000+02:00,2.6271
2017-07-18T00:00:00.000+03:00,32.8351
2017-05-02T00:00:00.000+03:00,30.1008
2018-04-03T00:00:00.000+03:00,44.4701
2018-06-17T00:00:00.000+03:00,13.7905
2017-03-24T00:00:00.000+03:00,21.5635
2017-08-21T00:00:00.000+03:00,14.9151
2018-01-15T00:00:00.000+03:00,14.6396
2016-02-08T00:00:00.000+02:00,10.9582
2019-09-06T00:00:00.000+03:00,40.5909
2016-05-02T00:00:00.000+03:00,18.3251
2019-01-22T00:00:00.000+03:00,38.0481
2017-04-27T00:00:00.000+03:00,62.5861
2018-01-24T00:00:00.000+03:00,37.9536
2018-04-04T00:00:00.000+03:00,30.7932
2018-05-05T00:00:00.000+03:00,12.0659
2020-02-17T00:00:00.000+03:00,20.7036
2017-11-11T00:00:00.000+03:00,4.8301
2017-01-25T00:00:00.000+03:00,21.9887
2016-03-07T00:00:00.000+02:00,8.7219
2018-05-12T00:00:00.000+03:00,12.7315
2019-01-19T00:00:00.000+03:00,6.6678
2016-07-17T00:00:00.000+03:00,5.7928
2018-10-14T00:00:00.000+03:00,3.4034
2019-11-05T00:00:00.000+03:00,43.8746
2019-12-03T00:00:00.000+03:00,69.9772
2020-01-21T00:00:00.000+03:00,44.2342
2020-02-01T00:00:00.000+03:00,12.3933
2019-04-09T00:00:00.000+03:00,56.2917
2018-07-19T00:00:00.000+03:00,42.6536
2018-08-10T00:00:00.000+03:00,25.0749
2016-01-26T00:00:00.000+02:00,13.6034
2016-06-04T00:00:00.000+03:00,4.0517
2016-10-23T00:00:00.000+03:00,7.9025
2017-11-30T00:00:00.000+03:00,63.242
2019-02-16T00:00:00.000+03:00,18.1934
2017-02-14T00:00:00.000+03:00,33.0398
2016-08-10T00:00:00.000+03:00,16.9097
2017-04-11T00:00:00.000+03:00,21.6896
2017-01-31T00:00:00.000+03:00,21.2081
2016-03-16T00:00:00.000+02:00,5.7732
2016-02-11T00:00:00.000+02:00,9.9192
2019-08-09T00:00:00.000+03:00,37.0627
,1.4476
2017-07-25T00:00:00.000+03:00,34.9307
2018-03-25T00:00:00.000+03:00,8.3658
2017-07-16T00:00:00.000+03:00,7.6472
2016-10-13T00:00:00.000+03:00,13.2196
2019-08-13T00:00:00.000+03:00,56.4139
2017-02-27T00:00:00.000+03:00,24.788
,198.0397
2018-11-20T00:00:00.000+03:00,62.6406
2016-09-10T00:00:00.000+03:00,3.8195
2019-05-19T00:00:00.000+03:00,3.8762
2017-06-15T00:00:00.000+03:00,58.1664
2016-12-18T00:00:00.000+03:00,10.3461
2017-03-28T00:00:00.000+03:00,34.8167
2017-02-21T00:00:00.000+03:00,19.3768
2017-04-02T00:00:00.000+03:00,6.8872
2017-04-17T00:00:00.000+03:00,29.0178
2019-07-30T00:00:00.000+03:00,42.4196
2017-07-11T00:00:00.000+03:00,75.7222
2016-03-26T00:00:00.000+02:00,6.605
2017-11-29T00:00:00.000+03:00,64.6437
2017-03-30T00:00:00.000+03:00,38.5678
2019-07-22T00:00:00.000+03:00,49.2229
2019-08-21T00:00:00.000+03:00,54.0257
2019-09-23T00:00:00.000+03:00,71.2455
2019-10-15T00:00:00.000+03:00,81.6415
2020-02-18T00:00:00.000+03:00,52.6031
2019-03-06T00:00:00.000+03:00,55.8688
2017-02-28T00:00:00.000+03:00,15.1816
2019-06-01T00:00:00.000+03:00,11.7463
2018-08-19T00:00:00.000+03:00,7.9239
2019-05-18T00:00:00.000+03:00,7.1123
2019-12-18T00:00:00.000+03:00,60.8078
2020-01-13T00:00:00.000+03:00,43.5809
2020-03-31T00:00:00.000+03:00,18.2522
2019-07-01T00:00:00.000+03:00,44.2696
2016-12-13T00:00:00.000+03:00,27.2695
2016-05-17T00:00:00.000+03:00,20.0525
2018-07-18T00:00:00.000+03:00,56.3987
2019-04-12T00:00:00.000+03:00,47.9267
2017-07-01T00:00:00.000+03:00,13.0618
2017-05-20T00:00:00.000+03:00,7.1408
2020-03-14T00:00:00.000+03:00,3.2481
2019-01-07T00:00:00.000+03:00,76.4932
2018-10-11T00:00:00.000+03:00,45.3129
2019-06-09T00:00:00.000+03:00,13.8741
2017-08-01T00:00:00.000+03:00,41.6425
2016-02-09T00:00:00.000+02:00,17.0423
2019-04-15T00:00:00.000+03:00,43.8505
2018-01-21T00:00:00.000+03:00,15.9583
2016-11-24T00:00:00.000+03:00,12.9394
2019-05-22T00:00:00.000+03:00,37.0325
2018-09-01T00:00:00.000+03:00,12.2723
2016-06-19T00:00:00.000+03:00,5.3291
2017-06-20T00:00:00.000+03:00,58.1338
2019-05-17T00:00:00.000+03:00,60.7421
2018-11-25T00:00:00.000+03:00,16.4537
2018-03-13T00:00:00.000+03:00,42.2386
2016-05-03T00:00:00.000+03:00,17.2357
2018-12-03T00:00:00.000+03:00,32.4151
2019-04-05T00:00:00.000+03:00,53.741
2020-01-08T00:00:00.000+03:00,32.6982
,0.9287
2020-03-23T00:00:00.000+03:00,46.4434
2017-03-06T00:00:00.000+03:00,15.3263
2018-11-19T00:00:00.000+03:00,38.7462
2017-09-07T00:00:00.000+03:00,36.935
2016-04-28T00:00:00.000+03:00,36.7184
2017-11-20T00:00:00.000+03:00,44.5523
2019-04-13T00:00:00.000+03:00,22.3644
2018-06-01T00:00:00.000+03:00,25.2798
2016-02-24T00:00:00.000+02:00,26.424
2020-03-30T00:00:00.000+03:00,-3.1266
2017-04-15T00:00:00.000+03:00,16.5531
2017-04-05T00:00:00.000+03:00,34.8142
2017-01-18T00:00:00.000+03:00,22.8134
2016-10-26T00:00:00.000+03:00,27.2634
2019-06-23T00:00:00.000+03:00,15.1854
2016-01-22T00:00:00.000+02:00,15.599
2017-04-01T00:00:00.000+03:00,5.3646
2018-07-06T00:00:00.000+03:00,22.7119
2017-11-21T00:00:00.000+03:00,40.7182
2016-09-25T00:00:00.000+03:00,6.8425
2019-02-13T00:00:00.000+03:00,51.2251
2016-11-09T00:00:00.000+03:00,6.7844
2018-11-22T00:00:00.000+03:00,33.0678
2016-03-06T00:00:00.000+02:00,5.8282
2018-07-30T00:00:00.000+03:00,29.7802
2016-02-19T00:00:00.000+02:00,13.9137
2018-02-13T00:00:00.000+03:00,46.6542
2016-02-25T00:00:00.000+02:00,9.0093
2016-11-05T00:00:00.000+03:00,9.656
2019-08-16T00:00:00.000+03:00,50.2701
2019-10-26T00:00:00.000+03:00,22.9189
2018-01-14T00:00:00.000+03:00,5.303
2017-11-06T00:00:00.000+03:00,39.6221
2019-11-07T00:00:00.000+03:00,65.6011
2019-03-02T00:00:00.000+03:00,16.0496
2018-09-03T00:00:00.000+03:00,18.6125
2016-11-30T00:00:00.000+03:00,38.318
2016-10-17T00:00:00.000+03:00,24.6922
2016-06-16T00:00:00.000+03:00,22.3211
2016-06-17T00:00:00.000+03:00,12.0734
2019-09-07T00:00:00.000+03:00,11.3219
2017-03-03T00:00:00.000+03:00,26.4795
2019-05-28T00:00:00.000+03:00,43.0535
2016-07-16T00:00:00.000+03:00,7.571
2018-08-12T00:00:00.000+03:00,8.0357
2019-10-22T00:00:00.000+03:00,59.1717
2017-06-05T00:00:00.000+03:00,50.5357
2018-10-17T00:00:00.000+03:00,53.8209
2016-04-30T00:00:00.000+03:00,7.5182
2019-08-20T00:00:00.000+03:00,52.636
2018-01-05T00:00:00.000+03:00,27.888
2017-09-03T00:00:00.000+03:00,5.7215
2016-10-21T00:00:00.000+03:00,19.8377
2016-07-18T00:00:00.000+03:00,16.1236
2019-02-09T00:00:00.000+03:00,7.4161
2019-11-29T00:00:00.000+03:00,87.4585
2018-11-07T00:00:00.000+03:00,51.2767
2016-12-16T00:00:00.000+03:00,15.8205
2018-02-04T00:00:00.000+03:00,10.4066
2016-07-04T00:00:00.000+03:00,7.1584
2019-05-26T00:00:00.000+03:00,2.846
2020-02-12T00:00:00.000+03:00,54.818
2017-07-21T00:00:00.000+03:00,29.9433
2017-07-26T00:00:00.000+03:00,42.1844
2016-09-02T00:00:00.000+03:00,23.0967
2016-12-05T00:00:00.000+03:00,23.2535
2016-06-18T00:00:00.000+03:00,2.0674
2019-08-03T00:00:00.000+03:00,13.0277
2019-09-25T00:00:00.000+03:00,134.3499
2019-11-22T00:00:00.000+03:00,61.567
2018-04-07T00:00:00.000+03:00,9.9237
2018-05-26T00:00:00.000+03:00,10.6643
2017-09-04T00:00:00.000+03:00,10.6207
2019-12-30T00:00:00.000+03:00,26.4898
2020-01-15T00:00:00.000+03:00,49.9905
2018-01-08T00:00:00.000+03:00,79.5305
2017-07-10T00:00:00.000+03:00,46.7183
2018-04-22T00:00:00.000+03:00,10.1768
2019-03-24T00:00:00.000+03:00,5.4436
2017-03-12T00:00:00.000+03:00,8.5483
2016-06-11T00:00:00.000+03:00,1.5923
2019-10-28T00:00:00.000+03:00,91.2079
2018-12-27T00:00:00.000+03:00,28.6026
2017-03-31T00:00:00.000+03:00,22.6212
2016-01-12T00:00:00.000+02:00,11.2974
2017-10-11T00:00:00.000+03:00,47.7102
2018-04-21T00:00:00.000+03:00,4.3768
2017-09-21T00:00:00.000+03:00,36.6837
2017-07-20T00:00:00.000+03:00,50.3481
2019-01-14T00:00:00.000+03:00,32.9734
2016-04-23T00:00:00.000+03:00,5.7507
2017-02-10T00:00:00.000+03:00,12.2463
2019-10-07T00:00:00.000+03:00,49.6439
2020-02-28T00:00:00.000+03:00,24.2176
2017-09-11T00:00:00.000+03:00,26.8495
2018-10-01T00:00:00.000+03:00,36.9295
2018-01-11T00:00:00.000+03:00,30.5596
2017-10-29T00:00:00.000+03:00,4.7011
2017-05-15T00:00:00.000+03:00,24.4649
2016-12-08T00:00:00.000+03:00,29.4294
2017-05-07T00:00:00.000+03:00,8.2735
2017-04-03T00:00:00.000+03:00,25.8006
2019-08-25T00:00:00.000+03:00,6.2486
2019-08-30T00:00:00.000+03:00,43.7088
2020-03-21T00:00:00.000+03:00,15.2424
2018-03-10T00:00:00.000+03:00,17.0408
2016-10-29T00:00:00.000+03:00,4.2944
2019-09-20T00:00:00.000+03:00,66.2461
2019-12-17T00:00:00.000+03:00,42.4789
2019-01-03T00:00:00.000+03:00,25.0451
2018-04-10T00:00:00.000+03:00,25.6804
2018-08-25T00:00:00.000+03:00,8.7043
2018-02-08T00:00:00.000+03:00,44.6911
2016-04-06T00:00:00.000+03:00,13.5859
2016-10-31T00:00:00.000+03:00,15.2056
2016-07-21T00:00:00.000+03:00,25.5029
2016-05-07T00:00:00.000+03:00,6.7482
2019-01-02T00:00:00.000+03:00,23.7353
2019-05-14T00:00:00.000+03:00,63.0027
2018-03-08T00:00:00.000+03:00,40.0938
2019-03-27T00:00:00.000+03:00,39.6789
2017-06-10T00:00:00.000+03:00,12.5515
2016-03-28T00:00:00.000+03:00,6.8541
2016-09-03T00:00:00.000+03:00,6.4619
2018-06-07T00:00:00.000+03:00,50.1388
2020-02-15T00:00:00.000+03:00,11.7275
2018-09-05T00:00:00.000+03:00,48.2585
2017-10-28T00:00:00.000+03:00,10.2263
2019-05-12T00:00:00.000+03:00,15.3147
2018-12-08T00:00:00.000+03:00,6.7588
2018-05-09T00:00:00.000+03:00,50.5258
2018-10-30T00:00:00.000+03:00,25.4578
2017-08-24T00:00:00.000+03:00,48.6726
2016-11-13T00:00:00.000+03:00,4.7238
2017-02-20T00:00:00.000+03:00,10.7162
2019-03-21T00:00:00.000+03:00,34.9629
2018-08-08T00:00:00.000+03:00,44.7839
2018-05-04T00:00:00.000+03:00,17.4404
2017-03-17T00:00:00.000+03:00,24.0856
2018-06-19T00:00:00.000+03:00,35.7082
2019-06-05T00:00:00.000+03:00,64.5086
2017-01-10T00:00:00.000+03:00,22.1378
2016-05-30T00:00:00.000+03:00,4.2368
